<nodeDefs>
<!-- === Weather Flow ===================================================  -->
    <nodeDef id="WeatherFlow" nodeType="139" nls="139W" >
		<sts>
			<st id="GV1" editor="I_TEMP_C" />
			<st id="GV2" editor="I_HUMIDITY" />
			<st id="GV3" editor="I_FLOAT2" />
			<st id="GV4" editor="I_INTEGER" />
			<st id="GV5" editor="I_FLOAT1" />
			<st id="GV6" editor="I_FLOAT1" />
			<st id="GV7" editor="I_INTEGER" />
			<st id="GV8" editor="I_FLOAT1" />
			<st id="GV9" editor="I_FLOAT1" />
			<st id="GV10" editor="I_FLOAT1" />
			<st id="GV11" editor="I_DEGREE" />
			<st id="GV12" editor="I_FLOAT1" />
		</sts>
		<cmds>
			<accepts>
				<cmd id="QUERY" />
			</accepts>
		</cmds>
	</nodeDef>
</nodeDefs>

