<editors>
   <editor id="I_INTEGER">
       <range uom="25" min="0" max="50000000" prec="0" />
   </editor>
   <editor id="I_INTEGER16">
       <range uom="25" min="0" max="65535" prec="0" />
   </editor>
   <editor id="I_FREQUENCY">
       <range uom="90" min="0" max="65535" prec="0" />
   </editor>
   <editor id="I_ANALOG">
       <range uom="25" min="0" max="1023" prec="0" />
   </editor>
   <editor id="I_BATTERY">
       <range uom="51" min="0" max="100" prec="0" />
   </editor>
   <editor id="I_FLOAT1">
       <range uom="25" min="0" max="50000000" prec="1" />
   </editor>
   <editor id="I_FLOAT2">
       <range uom="25" min="0" max="50000000" prec="2" />
   </editor>
   <editor id="I_FLOAT3">
       <range uom="25" min="0" max="50000000" prec="3" />
   </editor>
   <editor id="I_DEGREE">
       <range uom="14" min="-360" max="360" prec="0" />
   </editor>
   <editor id="I_LAST_UPDATE">
      <range uom="25" min="0" max="5000000000" prec="0" />
   </editor>
   <editor id="I_TREND">
      <range uom="25" subset="0-2" nls="EN_TREND" />
   </editor>
   <editor id="I_CARDINAL">
      <range uom="25" subset="0-15" nls="EN_CARDINAL" />
   </editor>
   <editor id="I_WIND_DIRECTION">
      <range uom="25" subset="0-8" nls="EN_WIND_DIRECTION" />
   </editor>
   <editor id="I_10DAYS">
      <range uom="25" min="0" max="10" prec="0" />
   </editor>
   <editor id="I_ODDEVEN">
      <range uom="25" subset="0,1" nls="EN_ODD" />
   </editor>
   <editor id="I_TIMEOFUSE">
      <range uom="25" subset="0-2" nls="EN_TOU" />
   </editor>
   <editor id="I_SEASON">
      <range uom="25" subset="1-4" nls="EN_SEASON" />
   </editor>
   <editor id="I_MONTH">
      <range uom="47" subset="1-12" />
   </editor>
   <editor id="I_DAYOFWEEK">
      <range uom="25" subset="0-6" nls="EN_DAY" />
   </editor>
   <editor id="I_SKY">
      <range uom="25" subset="0-34" nls="EN_SKY" />
   </editor>
   <editor id="I_WIND_C">
      <range uom="32" subset="0-500" />
   </editor>
   <editor id="I_WIND_F">
      <range uom="48" subset="0-500" />
   </editor>
   <editor id="I_WEATHER_SYMBOL">
      <range uom="25" subset="0-21" />
   </editor>
   
   <editor id="I_BINARY">
      <range uom="25" subset="0-1" />
   </editor>
   <editor id="I_TRUE_BOOL">
      <range uom="25" subset="0-1" nls="EN_TRUE_BOOL" />
   </editor>
   
    <editor id="I_LOC_STATUS">
      <range uom="25" subset="0-1" nls="EN_LOC_STATUS" />
   </editor>
   
    <editor id="I_ERROR_STATUS">
      <range uom="25" subset="0-1" nls="EN_ERROR_STATUS" />
   </editor>
   
   <!-- Temperature -->
   <editor id="I_TEMP">
      <range uom="14" min="-50" max="200" prec="2" />
   </editor>
   <editor id="I_TEMP_C">
      <range uom="14" min="-50" max="75" step="0.5" prec="1" />
   </editor>
   <editor id="I_TEMP_F">
      <range uom="14" min="-50" max="150" step="1" prec="0" />
   </editor>
   
</editors>
